Gene ID	HMMER	Hotpep	DIAMOND	Signalp	#ofTools
Amulumruptor_caecigallinarius_00066	GH13_38(31-396)	-	-	N	1
Amulumruptor_caecigallinarius_00337	GH13_28(40-328)	-	-	N	1
Amulumruptor_caecigallinarius_00373	GH13_28(47-296)	-	-	Y(1-28)	1
Amulumruptor_caecigallinarius_00559	GH13(409-722)	-	-	Y(1-21)	1
Amulumruptor_caecigallinarius_00701	GH13_28(43-302)+CBM74(753-1050)	-	-	Y(1-24)	1
Amulumruptor_caecigallinarius_00739	GH13_19(66-438)	-	-	Y(1-21)	1
Amulumruptor_caecigallinarius_01194	GH13(169-488)	-	-	Y(1-24)	1
Amulumruptor_caecigallinarius_01224	GH13(54-329)	-	-	Y(1-22)	1
Amulumruptor_caecigallinarius_01351	GH13_19(177-565)+CBM26(971-1039)+GH13_37(1199-1491)	-	-	Y(1-28)	1
Amulumruptor_caecigallinarius_01604	GH13_14(206-531)	-	-	Y(1-29)	1
Amulumruptor_caecigallinarius_01641	GH13_8(219-510)	-	-	N	1
Amulumruptor_caecigallinarius_01805	GH13_42(71-515)	-	-	Y(1-25)	1
B1A_00140	GH13_28(43-332)	-	-	N	1
B1A_00148	GH13_8(221-512)	-	-	N	1
B1A_00614	GH13_38(31-394)	-	-	N	1
B1A_00920	GH13(416-724)	-	-	Y(1-22)	1
B1A_01692	GH13(60-327)	-	-	Y(1-31)	1
B1A_02200	GH13_14(200-524)	-	-	N	1
B1A_02335	GH13(177-499)	-	-	Y(1-33)	1
B1A_02396	GH13(51-423)	-	-	Y(1-24)	1
B1B_00133	GH13_28(43-332)	-	-	N	1
B1B_00147	GH13_8(221-512)	-	-	N	1
B1B_00563	GH13_38(31-394)	-	-	N	1
B1B_00848	GH13(416-724)	-	-	Y(1-22)	1
B1B_01538	GH13(59-326)	-	-	N	1
B1B_02043	GH13_14(210-534)	-	-	Y(1-32)	1
B1B_02212	GH13(177-499)	-	-	Y(1-33)	1
B1B_02270	GH13(51-423)	-	-	Y(1-24)	1
B2_00199	GH13(167-485)	-	-	Y(1-56)	1
B2_00435	GH13_38(70-430)	-	-	N	1
B2_00534	GH13_8(219-510)	-	-	N	1
B2_00702	GH13_42(72-497)	-	-	Y(1-23)	1
B2_01285	GH13_14(202-526)	-	-	Y(1-20)	1
B2_01717	GH13(406-716)	-	-	Y(1-35)	1
B2_01889	GH13_28(42-331)	-	-	Y(1-20)	1
B3_00114	GH13(406-709)	-	-	Y(1-23)	1
B3_00354	GH13_38(33-398)	-	-	N	1
B3_01331	GH13_14(198-522)	-	-	Y(1-21)	1
B3_01460	GH13_8(248-539)	-	-	N	1
B3_01935	GH13_28(40-328)	-	-	Y(1-68)	1
B4_00022	GH13_28(36-324)	-	-	Y(1-22)	1
B4_00577	GH13(407-726)	-	-	Y(1-23)	1
B4_00764	GH13_42(72-502)	-	-	Y(1-23)	1
B4_00981	GH13_14(201-525)	-	-	Y(1-24)	1
B4_01518	GH13(47-346)	-	-	Y(1-23)	1
B4_01625	GH13_28(41-291)+CBM74(765-1062)	-	-	Y(1-22)	1
B4_01628	GH13_42(84-528)	-	-	N	1
B4_01649	GH13_38(35-400)	-	-	N	1
B4_01714	GH13_19(68-438)	-	-	Y(1-20)	1
B4_01736	GH13_8(235-526)	-	-	N	1
B4_01932	GH13_37(59-363)	-	-	N	1
B4_02028	GH13(406-708)	-	-	Y(1-21)	1
B4_02096	GH13_6(62-338)	-	-	Y(1-24)	1
B5_00164	GH13_28(40-328)	-	-	Y(1-21)	1
B5_00945	GH13(406-708)	-	-	Y(1-23)	1
B5_01345	GH13_38(30-394)	-	-	N	1
B5_01485	GH13_14(185-509)	-	-	N	1
B5_01514	GH13_8(255-546)	-	-	N	1
B6_01905	GH13_8(224-515)	-	-	N	1
B7_00280	GH13_37(62-367)	-	-	Y(1-23)	1
B7_00300	GH13_14(198-522)	-	-	Y(1-27)	1
B7_02525	GH13(325-642)	-	-	Y(1-23)	1
B8_00078	GH13_8(223-515)	-	-	N	1
B8_00313	GH13_28(34-322)	-	-	N	1
B8_01368	GH13(49-342)	-	-	Y(1-26)	1
B8_01608	GH13_38(38-403)	-	-	N	1
B8_01631	GH13_14(201-525)	-	-	Y(1-26)	1
Bacteroides_ovatus_ATCC_8483_00859	GH13_38(33-400)	-	-	N	1
Bacteroides_ovatus_ATCC_8483_00861	GH13_8(220-511)	-	-	N	1
Bacteroides_ovatus_ATCC_8483_01745	GH13_14(200-524)	-	-	N	1
Bacteroides_ovatus_ATCC_8483_03839	GH13_10(325-545)	-	-	Y(1-23)	1
Bacteroides_ovatus_ATCC_8483_03845	GH13(231-553)	-	-	N	1
Bacteroides_thetaiotaomicron_VPI5482_00798	GH13_8(220-511)	-	-	N	1
Bacteroides_thetaiotaomicron_VPI5482_00800	GH13_38(33-400)	-	-	N	1
Bacteroides_thetaiotaomicron_VPI5482_01738	GH13_14(173-497)	-	-	N	1
Bacteroides_thetaiotaomicron_VPI5482_03868	GH13_36(80-540)	-	-	Y(1-25)	1
Bacteroides_thetaiotaomicron_VPI5482_03874	GH13(164-486)	-	-	Y(1-23)	1
Bacteroides_thetaiotaomicron_VPI5482_04906	GH13_14(186-512)	-	-	N	1
Bacteroides_thetaiotaomicron_VPI5482_04907	GH13_5(30-370)	-	-	N	1
Barnesiella_intestinihominis_YIT_11860_00010	GH13(163-484)	-	-	Y(1-20)	1
Barnesiella_intestinihominis_YIT_11860_00406	GH13_38(32-398)	-	-	N	1
Barnesiella_intestinihominis_YIT_11860_00626	GH133(286-638)	-	-	N	1
Barnesiella_intestinihominis_YIT_11860_02344	GH13_8(218-509)	-	-	N	1
Barnesiella_viscericola_DSM_18177_00886	GH13_38(32-397)	-	-	N	1
Barnesiella_viscericola_DSM_18177_01061	GH133(286-638)	-	-	N	1
Barnesiella_viscericola_DSM_18177_01747	GH13_8(218-509)	-	-	N	1
Duncaniella_dubosii_DSM_107170T_00074	GH13_8(220-511)	-	-	N	1
Duncaniella_dubosii_DSM_107170T_00434	GH13_38(31-396)	-	-	N	1
Duncaniella_dubosii_DSM_107170T_01855	GH13(159-476)	-	-	N	1
Duncaniella_dubosii_DSM_107170T_02218	GH13_14(198-522)	-	-	Y(1-27)	1
Duncaniella_dubosii_DSM_107170T_02239	GH13_37(62-367)	-	-	Y(1-23)	1
Duncaniella_dubosii_DSM_107170T_02790	GH13_28(41-330)	-	-	Y(1-29)	1
Duncaniella_freteri_DSM_108168T_00766	GH13_38(31-397)	-	-	N	1
Duncaniella_freteri_DSM_108168T_01895	GH13_14(197-521)	-	-	N	1
Duncaniella_freteri_DSM_108168T_02391	GH13_28(32-321)	-	-	N	1
Duncaniella_freteri_DSM_108168T_02415	GH13_8(235-526)	-	-	N	1
Duncaniella_muris_DSM_103720T_01296	GH13_14(198-522)	-	-	Y(1-60)	1
Duncaniella_muris_DSM_103720T_01338	GH13_8(234-525)	-	-	N	1
Duncaniella_muris_DSM_103720T_01591	GH13_38(31-396)	-	-	N	1
Duncaniella_muris_DSM_103720T_01996	GH13_28(41-330)	-	-	Y(1-29)	1
GCA_001688845_00125	GH13_38(32-397)	-	-	N	1
GCA_001688845_00974	GH13_28(42-331)	-	-	Y(1-56)	1
GCA_001688845_01794	GH13_14(195-519)	-	-	Y(1-19)	1
GCA_001688845_01961	GH13_8(220-511)	-	-	N	1
GCA_001688845_02518	GH13(66-361)	-	-	Y(1-34)	1
GCA_001688845_02536	GH13(330-653)	-	-	Y(1-27)	1
GCA_002633115_00275	GH13(175-492)	-	-	Y(1-31)	1
GCA_002633115_01059	GH13_14(201-525)	-	-	Y(1-25)	1
GCA_002633115_01119	GH13_19(69-441)	-	-	N	1
GCA_002633115_01219	GH13_37(69-373)	-	-	N	1
GCA_002633115_01630	GH13_28(41-331)	-	-	Y(1-24)	1
GCA_002633115_01922	GH13_8(253-544)	-	-	N	1
GCA_002633115_02628	GH13(410-717)	-	-	Y(1-21)	1
GCA_002633115_02679	GH13(57-357)	-	-	Y(1-31)	1
GCA_002633115_03197	GH13_38(3-368)	-	-	N	1
GCA_002633305_00306	GH13_28(43-292)+CBM74(789-1086)	-	-	Y(1-24)	1
GCA_002633305_00517	GH13_42(71-515)	-	-	Y(1-25)	1
GCA_002633305_00518	GH13_42(74-507)	-	-	Y(1-26)	1
GCA_002633305_00553	GH13_28(40-328)	-	-	Y(1-31)	1
GCA_002633305_00941	GH13(65-362)	-	-	Y(1-29)	1
GCA_002633305_00961	GH13_19(177-565)+CBM26(971-1039)+GH13_37(1199-1491)	-	-	Y(1-28)	1
GCA_002633305_01213	GH13_38(31-396)	-	-	N	1
GCA_002633305_01366	GH13(409-721)	-	-	Y(1-21)	1
GCA_002633305_01617	GH13_8(219-510)	-	-	N	1
GCA_002633305_01631	GH13_19(66-438)	-	-	Y(1-21)	1
GCA_002633305_01699	GH13(169-488)	-	-	Y(1-24)	1
GCA_002633305_01735	GH13_28(47-296)	-	-	Y(1-28)	1
GCA_002633305_02204	GH13_14(206-531)	-	-	Y(1-29)	1
GCA_002633305_02210	GH13(54-329)	-	-	Y(1-22)	1
GCA_003024815_01300	GH13_38(32-397)	-	-	N	1
GCA_003024815_01429	GH13_8(224-515)	-	-	N	1
GCA_003024845_00371	GH13_8(220-511)	-	-	N	1
GCA_003024845_00593	GH13_14(195-519)	-	-	Y(1-19)	1
GCA_003024845_00713	GH13_28(42-331)	-	-	Y(1-56)	1
GCA_003024845_01286	GH13(66-361)	-	-	Y(1-34)	1
GCA_003024845_01514	GH13(330-653)	-	-	Y(1-27)	1
GCA_003024845_01727	GH13_38(32-397)	-	-	N	1
GCA_003024855_00073	GH13_38(32-397)	-	-	N	1
GCA_003024855_00259	GH13_28(42-331)	-	-	Y(1-56)	1
GCA_003024855_00424	GH13_8(220-511)	-	-	N	1
GCA_003024855_00585	GH13_14(195-519)	-	-	Y(1-19)	1
GCA_003024855_01609	GH13(330-653)	-	-	Y(1-27)	1
GCA_003024855_01723	GH13(66-361)	-	-	Y(1-34)	1
GCA_003762605_00160	GH13(66-361)	-	-	Y(1-34)	1
GCA_003762605_00178	GH13(330-653)	-	-	Y(1-27)	1
GCA_003762605_00727	GH13_28(42-331)	-	-	Y(1-29)	1
GCA_003762605_01219	GH13_8(220-511)	-	-	N	1
GCA_003762605_01393	GH13_14(195-519)	-	-	Y(1-19)	1
GCA_003762605_01834	GH13_38(32-397)	-	-	N	1
GCA_003762615_00251	GH13_38(34-400)	-	-	N	1
GCA_003762615_00604	GH13_37(47-351)	-	-	N	1
GCA_003762615_00854	GH13_8(220-511)	-	-	N	1
GCA_003762615_00889	GH13_14(206-530)	-	-	Y(1-28)	1
GCA_003762615_01483	GH13(62-358)	-	-	Y(1-24)	1
GCA_003762615_01564	GH13(408-716)	-	-	Y(1-22)	1
GCA_003762615_01868	GH13_28(41-330)	-	-	Y(1-20)	1
GCA_003762615_02068	GH13_37(59-366)	-	-	Y(1-24)	1
GCA_003762635_01766	GH13_38(32-397)	-	-	N	1
GCA_003762635_02755	GH13_8(224-515)	-	-	N	1
GCA_003762665_00103	GH13(63-358)	-	-	Y(1-30)	1
GCA_003762665_00216	GH13_37(25-328)	-	-	N	1
GCA_003762665_00990	GH13_8(218-509)	-	-	N	1
GCA_003762665_01398	GH13_38(32-396)	-	-	N	1
GCA_003762665_01442	GH13_14(199-523)	-	-	Y(1-23)	1
GCA_003762665_02090	GH13(409-729)	-	-	Y(1-22)	1
GCA_003762665_02188	GH13_28(43-331)	-	-	Y(1-28)	1
GCA_003762685_00698	GH13_14(198-522)	-	-	Y(1-60)	1
GCA_003762685_02086	GH13_28(41-330)	-	-	Y(1-29)	1
GCA_003762685_02406	GH13_38(31-396)	-	-	N	1
GCA_003762685_02565	GH13_8(234-525)	-	-	N	1
GCA_003762695_00340	GH13_14(195-519)	-	-	Y(1-19)	1
GCA_003762695_00411	GH13_8(220-511)	-	-	N	1
GCA_003762695_02214	GH13_28(42-331)	-	-	Y(1-29)	1
GCA_003762695_02457	GH13(330-653)	-	-	Y(1-27)	1
GCA_003762695_02474	GH13(66-361)	-	-	Y(1-34)	1
GCA_003762695_02813	GH13_38(32-397)	-	-	N	1
GCA_003762715_00585	GH13_38(31-395)	-	-	N	1
GCA_003762715_00981	CBM48(55-140)+GH13_8(224-515)	-	-	N	1
GCA_003762745_01423	GH13_38(32-397)	-	-	N	1
GCA_003762745_02094	GH13_8(224-515)	-	-	N	1
GCA_003762755_01183	GH13_14(198-522)	-	-	Y(1-60)	1
GCA_003762755_01773	GH13_28(41-330)	-	-	Y(1-29)	1
GCA_003762755_02342	GH13_8(234-525)	-	-	N	1
GCA_003762755_02792	GH13_38(31-396)	-	-	N	1
GCA_003762785_00411	GH13_38(31-396)	-	-	N	1
GCA_003762785_00540	GH13_37(62-367)	-	-	Y(1-23)	1
GCA_003762785_00560	GH13_14(198-522)	-	-	Y(1-27)	1
GCA_003762785_01122	GH13_8(220-511)	-	-	N	1
GCA_003762785_02452	GH13(325-642)	-	-	Y(1-23)	1
GCA_003762785_03056	GH13_28(41-330)	-	-	Y(1-29)	1
GCA_003762805_00304	GH13_28(41-330)	-	-	Y(1-29)	1
GCA_003762805_01199	GH13_14(198-522)	-	-	Y(1-60)	1
GCA_003762805_02131	GH13_8(234-525)	-	-	N	1
GCA_003762805_02679	GH13_38(31-396)	-	-	N	1
GCA_003762865_00588	GH13_8(221-512)	-	-	N	1
GCA_003762865_00797	GH13(54-345)	-	-	Y(1-22)	1
GCA_003762865_00882	GH13_28(43-332)	-	-	N	1
GCA_003762865_00951	GH13(177-499)	-	-	Y(1-33)	1
GCA_003762865_01293	GH13_14(200-524)	-	-	N	1
GCA_003762865_01318	GH13_3(66-246)+GH13_38(175-330)	-	-	N	1
GCA_003762865_01486	GH13(416-724)	-	-	Y(1-22)	1
GCA_003762865_02354	GH13_38(31-394)	-	-	N	1
GCA_003762865_02690	GH13(51-423)	-	-	Y(1-24)	1
GCA_003762875_00167	GH13_28(41-330)	-	-	Y(1-29)	1
GCA_003762875_00196	GH13_8(219-510)	-	-	N	1
GCA_003762875_00245	GH13_14(197-521)	-	-	Y(1-21)	1
GCA_003762875_00442	GH13_38(31-397)	-	-	N	1
GCA_003762875_01544	GH13(326-650)	-	-	Y(1-22)	1
GCA_003833075_00305	GH13_3(66-246)+GH13_38(175-330)	-	-	Y(1-30)	1
GCA_003833075_01612	GH13(54-345)	-	-	Y(1-22)	1
GCA_003833075_01674	GH13_28(82-371)	-	-	N	1
GCA_003833075_01902	GH13(177-499)	-	-	Y(1-33)	1
GCA_003833075_01962	GH13_8(221-512)	-	-	N	1
GCA_003833075_01990	GH13(51-423)	-	-	Y(1-24)	1
GCA_003833075_02244	GH13(416-724)	-	-	Y(1-22)	1
GCA_003833075_02437	GH13_38(31-394)	-	-	N	1
GCA_003833075_02616	GH13_14(200-524)	-	-	N	1
GCA_003833095_00495	GH13(51-423)	-	-	Y(1-24)	1
GCA_003833095_00643	GH13(54-345)	-	-	Y(1-22)	1
GCA_003833095_00781	GH13_8(221-512)	-	-	N	1
GCA_003833095_01012	GH13_28(43-332)	-	-	N	1
GCA_003833095_01354	GH13_14(200-524)	-	-	N	1
GCA_003833095_01366	GH13_3(66-246)+GH13_38(175-330)	-	-	N	1
GCA_003833095_01574	GH13(177-499)	-	-	Y(1-33)	1
GCA_003833095_01952	GH13(416-724)	-	-	Y(1-22)	1
GCA_003833095_02612	GH13_38(31-394)	-	-	N	1
GCA_003833175_00750	GH13_8(234-525)	-	-	N	1
GCA_003833175_01418	GH13_14(198-522)	-	-	Y(1-60)	1
GCA_003833175_02339	GH13_38(31-396)	-	-	N	1
GCA_003833175_02532	GH13_28(41-330)	-	-	Y(1-29)	1
GCA_003979055_00503	GH13_14(195-519)	-	-	Y(1-19)	1
GCA_003979055_00602	GH13(66-361)	-	-	Y(1-34)	1
GCA_003979055_00757	GH13_38(32-397)	-	-	N	1
GCA_003979055_01599	GH13_10(417-582)	-	-	Y(1-22)	1
GCA_003979055_01660	GH13(330-653)	-	-	Y(1-27)	1
GCA_003979055_01788	GH13_8(220-511)	-	-	N	1
GCA_003979065_00027	GH13_38(60-421)	-	-	N	1
GCA_003979065_00390	CBM26(138-200)+GH13_37(369-661)	-	-	Y(1-30)	1
GCA_003979065_00405	GH13_14(213-537)	-	-	Y(1-27)	1
GCA_003979065_00753	GH13(168-486)	-	-	Y(1-25)	1
GCA_003979065_00789	GH13_42(69-513)+CBM26(840-909)	-	-	Y(1-23)	1
GCA_003979065_01180	GH13_42(72-500)	-	-	Y(1-23)	1
GCA_003979065_01352	GH13_6(62-338)	-	-	Y(1-24)	1
GCA_003979065_01474	GH13_28(43-294)+CBM74(649-956)	-	-	Y(1-24)	1
GCA_003979105_00160	GH13_5(30-368)	-	-	N	1
GCA_003979105_00322	GH13_14(197-521)	-	-	N	1
GCA_003979105_00430	GH13_6(64-336)	-	-	Y(1-24)	1
GCA_003979105_00643	GH13_8(217-508)	-	-	N	1
GCA_003979105_00757	GH13_42(73-500)	-	-	Y(1-27)	1
GCA_003979105_01138	GH13_28(41-292)	-	-	Y(1-22)	1
GCA_003979105_01218	GH13(327-646)	-	-	Y(1-24)	1
GCA_003979105_01282	GH13_38(54-415)	-	-	N	1
GCA_003979105_01343	GH13_42(70-514)	-	-	Y(1-20)	1
GCA_003979105_01585	GH13(60-359)	-	-	Y(1-25)	1
GCA_003979145_00396	GH13_8(224-515)	-	-	N	1
GCA_003979145_01552	GH13_38(32-397)	-	-	N	1
GCA_003979155_00437	GH13_38(32-397)	-	-	N	1
GCA_003979165_00089	GH13_28(32-319)	-	-	N	1
GCA_003979165_00498	GH13_14(199-523)	-	-	N	1
GCA_003979165_00787	GH13_42(72-497)+CBM26(964-1034)	-	-	Y(1-23)	1
GCA_003979165_01312	GH13_38(42-406)	-	-	N	1
GCA_003979165_01429	GH13(417-730)	-	-	Y(1-22)	1
GCA_003979385_00594	GH13_38(31-396)	-	-	N	1
GCA_003979385_00812	GH13_8(234-525)	-	-	N	1
GCA_003979385_01615	GH13_14(198-522)	-	-	Y(1-60)	1
GCA_004102765_00594	GH13_38(32-397)	-	-	N	1
GCA_004102765_01490	GH13_8(224-515)	-	-	N	1
GCA_004102775_00234	GH13(51-423)	-	-	Y(1-24)	1
GCA_004102775_00509	GH13(54-345)	-	-	Y(1-22)	1
GCA_004102775_01034	GH13_28(43-332)	-	-	N	1
GCA_004102775_01142	GH13_14(210-534)	-	-	Y(1-32)	1
GCA_004102775_01840	GH13(416-724)	-	-	Y(1-22)	1
GCA_004102775_02183	GH13_38(31-394)	-	-	N	1
GCA_004102775_02929	GH13(59-326)	-	-	N	1
GCA_004102775_03283	GH13(177-499)	-	-	Y(1-33)	1
GCA_004102775_03344	GH13_8(221-512)	-	-	N	1
GCA_004102785_00414	GH13_42(73-500)	-	-	Y(1-27)	1
GCA_004102785_00997	GH13(174-494)	-	-	Y(1-22)	1
GCA_004102785_01121	GH13_5(30-368)	-	-	N	1
GCA_004102785_01158	GH13_42(70-514)	-	-	Y(1-20)	1
GCA_004102785_01572	GH13_28(42-329)	-	-	Y(1-21)	1
GCA_004102785_01832	GH13(60-359)	-	-	Y(1-25)	1
GCA_004102785_02095	GH13_38(54-415)	-	-	N	1
GCA_004102785_02143	GH13(327-646)	-	-	Y(1-24)	1
GCA_004102785_02145	CBM26(126-189)+GH13_37(357-651)	-	-	Y(1-27)	1
GCA_004102785_02468	GH13_14(197-521)	-	-	N	1
GCA_004102785_02570	GH13_28(41-292)	-	-	Y(1-22)	1
GCA_004102785_02645	GH13_8(217-508)	-	-	N	1
GCA_004102785_02678	GH13_6(64-336)	-	-	Y(1-24)	1
GCA_004102905_00982	GH13(66-361)	-	-	Y(1-34)	1
GCA_004102905_00999	GH13(330-653)	-	-	Y(1-27)	1
GCA_004102905_01954	GH13_14(195-519)	-	-	Y(1-19)	1
GCA_004102905_02390	GH13_28(42-331)	-	-	Y(1-29)	1
GCA_004102905_02753	GH13_8(220-511)	-	-	N	1
GCA_004102905_03012	GH13_38(32-397)	-	-	N	1
GCA_004792675_00735	GH13_14(1-173)	-	-	N	1
GCA_004792675_01232	GH13_38(32-397)	-	-	N	1
GCA_004792675_01522	GH13(330-653)	-	-	Y(1-27)	1
GCA_004792675_01539	GH13(66-361)	-	-	Y(1-34)	1
GCA_004792675_02157	GH13_8(220-511)	-	-	N	1
GCA_004792675_02463	GH13_28(42-331)	-	-	Y(1-29)	1
GCA_004793655_00280	GH13_38(32-397)	-	-	N	1
GCA_004793655_00806	GH13_14(195-519)	-	-	Y(1-19)	1
GCA_004793655_01034	GH13_8(220-511)	-	-	N	1
GCA_004793655_01225	GH13_28(42-331)	-	-	Y(1-29)	1
GCA_004793655_02790	GH13(66-361)	-	-	Y(1-34)	1
GCA_004793655_02807	GH13(330-653)	-	-	Y(1-27)	1
GCA_004793735_00416	GH13_14(199-523)	-	-	Y(1-23)	1
GCA_004793735_00459	GH13_38(32-396)	-	-	N	1
GCA_004793735_00685	GH13(409-729)	-	-	Y(1-22)	1
GCA_004793735_00783	GH13_28(43-331)	-	-	Y(1-28)	1
GCA_004793735_01535	GH13_8(218-509)	-	-	N	1
GCA_004793735_01885	GH13(55-350)	-	-	Y(1-22)	1
GCA_004793735_02006	GH13_37(45-348)	-	-	N	1
GCA_004801635_00181	GH13_38(32-396)	-	-	N	1
GCA_004801635_00543	GH13_8(11-302)	-	-	N	1
GCA_004801635_01457	GH13_14(192-516)	-	-	N	1
GCA_004801635_01861	GH13_37(45-348)	-	-	N	1
GCA_004801705_01007	GH13_8(218-509)	-	-	N	1
GCA_004801705_01332	GH13_28(43-331)	-	-	Y(1-28)	1
GCA_004801705_01430	GH13(409-729)	-	-	Y(1-22)	1
GCA_004801705_01671	GH13_37(45-348)	-	-	N	1
GCA_004801705_01792	GH13(55-350)	-	-	Y(1-22)	1
GCA_004801705_02097	GH13_14(199-523)	-	-	Y(1-23)	1
GCA_004801705_02140	GH13_38(32-396)	-	-	N	1
GCA_004803695_00750	GH13_14(199-523)	-	-	Y(1-23)	1
GCA_004803695_00798	GH13_38(32-396)	-	-	N	1
GCA_004803695_01029	GH13(409-728)	-	-	Y(1-22)	1
GCA_004803695_01129	GH13_28(43-331)	-	-	Y(1-28)	1
GCA_004803695_01768	GH13_19(71-442)	-	-	Y(1-24)	1
GCA_004803695_02297	GH13_8(218-509)	-	-	N	1
GCA_004803695_02561	GH13_37(25-328)	-	-	N	1
GCA_004803695_02675	GH13(63-358)	-	-	Y(1-30)	1
GCA_004803935_01462	GH13_8(234-525)	-	-	N	1
GCA_004803935_02181	GH13_28(41-330)	-	-	Y(1-29)	1
GCA_004803935_02655	GH13_14(198-522)	-	-	Y(1-60)	1
GCA_004803935_02783	GH13_38(31-396)	-	-	N	1
GCA_005304985_00421	GH13_14(198-522)	-	-	Y(1-60)	1
GCA_005304985_00546	GH13_38(31-396)	-	-	N	1
GCA_005304985_02216	GH13_8(234-525)	-	-	N	1
GCA_005304985_02883	GH13_28(41-330)	-	-	Y(1-29)	1
GCA_008728965_00123	GH13_8(218-509)	-	-	N	1
GCA_008728965_00229	GH13_28(43-332)	-	-	Y(1-29)	1
GCA_008728965_00376	GH13_38(22-386)	-	-	N	1
GCA_008728965_00819	GH13(63-358)	-	-	Y(1-21)	1
GCA_008728965_01017	GH13_37(46-348)	-	-	N	1
GCA_008728965_01271	GH13(416-734)	-	-	N	1
GCA_008728965_01981	GH13_14(204-528)	-	-	Y(1-28)	1
GCA_009774915_00487	GH13_28(42-331)	-	-	Y(1-20)	1
GCA_009774915_00796	GH13_38(70-430)	-	-	N	1
GCA_009774915_01140	GH13_42(72-497)	-	-	Y(1-23)	1
GCA_009774915_01205	GH13_14(202-526)	-	-	Y(1-20)	1
GCA_009774915_01380	GH13(167-485)	-	-	Y(1-56)	1
GCA_009774915_01719	GH13(406-716)	-	-	Y(1-35)	1
GCA_009774915_02021	GH13_8(219-510)	-	-	N	1
GCA_009774935_00136	GH13_19(177-565)	-	-	Y(1-29)	1
GCA_009774935_00240	GH13_7(1-140)	-	-	N	1
GCA_009774935_00508	GH13_10(399-558)	-	-	Y(1-22)	1
GCA_009774935_00744	GH13(50-342)	-	-	Y(1-24)	1
GCA_009774935_00783	GH13_42(2-383)+CBM26(783-854)	-	-	N	1
GCA_009774935_00788	GH13_37(24-330)	-	-	N	1
GCA_009774935_00921	GH13_38(31-395)	-	-	N	1
GCA_009774935_01017	GH13_37(364-657)	-	-	Y(1-28)	1
GCA_009774935_01115	GH13_28(39-328)	-	-	N	1
GCA_009774935_01540	GH13(402-725)	-	-	Y(1-20)	1
GCA_009774935_01704	GH13_8(216-507)	-	-	N	1
GCA_009774935_01824	GH13_28(41-291)+CBM74(652-949)	-	-	Y(1-22)	1
GCA_009774945_00009	GH13_8(220-511)	-	-	N	1
GCA_009774945_00642	CBM26(138-200)+GH13_37(369-661)	-	-	Y(1-30)	1
GCA_009774945_00734	GH13_42(72-500)	-	-	Y(1-23)	1
GCA_009774945_00776	GH13_38(60-421)	-	-	N	1
GCA_009774945_01042	GH13(405-710)	-	-	Y(1-22)	1
GCA_009774945_01045	GH13_28(43-332)	-	-	Y(1-22)	1
GCA_009774945_01092	GH13_6(46-322)	-	-	N	1
GCA_009774945_01119	GH13_28(43-294)+CBM74(649-956)	-	-	Y(1-24)	1
GCA_009774945_01316	GH13(168-486)	-	-	Y(1-25)	1
GCA_009774945_01346	GH13_14(213-537)	-	-	Y(1-27)	1
GCA_009774945_01683	GH13(56-359)	-	-	Y(1-23)	1
GCA_009774945_01708	GH13_42(69-513)+CBM26(840-909)	-	-	Y(1-23)	1
GCA_009774945_02064	GH13_19(176-564)	-	-	Y(1-29)	1
GCA_009774955_00129	GH13_14(197-521)	-	-	N	1
GCA_009774955_00209	GH13_28(42-329)	-	-	Y(1-21)	1
GCA_009774955_00500	GH13_38(54-415)	-	-	N	1
GCA_009774955_00526	GH13_5(30-368)	-	-	N	1
GCA_009774955_00823	GH13_28(41-292)	-	-	Y(1-22)	1
GCA_009774955_00963	GH13_42(1-407)	-	-	N	1
GCA_009774955_01125	GH13_42(70-514)	-	-	Y(1-20)	1
GCA_009774955_01139	GH13_6(64-336)	-	-	Y(1-24)	1
GCA_009774955_01358	GH13(327-646)	-	-	Y(1-24)	1
GCA_009774955_01360	CBM26(126-189)+GH13_37(357-651)	-	-	Y(1-27)	1
GCA_009774955_01598	GH13(60-359)	-	-	Y(1-25)	1
GCA_009774955_01768	GH13(174-494)	-	-	Y(1-22)	1
GCA_009774955_01845	GH13_8(217-508)	-	-	N	1
GCA_009774995_00359	GH13_38(32-397)	-	-	N	1
GCA_009774995_00779	GH13_8(220-511)	-	-	N	1
GCA_009774995_00805	GH13_14(195-519)	-	-	Y(1-19)	1
GCA_009774995_01334	GH13(330-653)	-	-	Y(1-27)	1
GCA_009774995_01351	GH13(66-360)	-	-	Y(1-34)	1
GCA_009774995_02153	GH13_28(42-331)	-	-	Y(1-56)	1
GCA_009775005_00505	GH13_8(228-519)	-	-	N	1
GCA_009775005_01208	GH13_38(29-392)	-	-	N	1
GCA_009775035_00015	GH13_14(204-528)	-	-	Y(1-28)	1
GCA_009775035_00365	GH13_28(43-332)	-	-	Y(1-29)	1
GCA_009775035_00548	GH13_38(22-386)	-	-	N	1
GCA_009775035_00603	GH13_37(2-227)	-	-	N	1
GCA_009775035_01032	GH13(416-734)	-	-	N	1
GCA_009775035_01647	GH13_8(218-509)	-	-	N	1
GCA_009775045_00041	GH13_28(44-333)	-	-	Y(1-21)	1
GCA_009775045_00236	GH13_37(45-348)	-	-	N	1
GCA_009775045_00315	GH13_8(218-509)	-	-	N	1
GCA_009775045_01207	GH13_38(1-360)	-	-	N	1
GCA_009775075_00181	GH13(402-721)	-	-	Y(1-22)	1
GCA_009775075_00240	GH13_14(199-523)	-	-	Y(1-28)	1
GCA_009775075_00842	GH13_8(218-509)	-	-	N	1
GCA_009775075_00972	GH13_38(22-386)	-	-	N	1
GCA_009775075_01514	GH13_28(43-332)	-	-	Y(1-29)	1
GCA_009775075_02162	GH13_37(45-348)	-	-	N	1
GCA_009775075_02164	GH13(63-358)	-	-	Y(1-20)	1
GCA_009775095_00798	GH13(396-715)	-	-	Y(1-57)	1
GCA_009775095_01072	GH13(73-368)	-	-	Y(1-41)	1
GCA_009775095_01474	GH13_28(43-332)	-	-	Y(1-29)	1
GCA_009775095_01937	GH13_8(218-509)	-	-	N	1
GCA_009775095_02246	GH13_14(204-528)	-	-	Y(1-28)	1
GCA_009775095_02323	GH13_38(22-386)	-	-	N	1
GCA_009775115_00931	GH13_14(199-523)	-	-	Y(1-23)	1
GCA_009775115_00964	GH13_8(218-509)	-	-	N	1
GCA_009775115_01260	GH13_37(25-328)	-	-	N	1
GCA_009775115_01331	GH13_38(32-396)	-	-	N	1
GCA_009775115_01909	GH13(409-729)	-	-	Y(1-22)	1
GCA_009775115_02087	GH13_28(43-331)	-	-	Y(1-28)	1
GCA_009775115_02093	GH13(63-358)	-	-	Y(1-30)	1
GCA_009775125_00008	GH13_6(60-339)	-	-	Y(1-23)	1
GCA_009775125_00382	GH13_42(73-503)	-	-	Y(1-24)	1
GCA_009775125_00417	GH13_28(41-330)	-	-	Y(1-22)	1
GCA_009775125_00703	GH13(167-487)	-	-	Y(1-19)	1
GCA_009775125_00817	GH13(54-341)	-	-	Y(1-23)	1
GCA_009775125_01166	GH13_38(33-397)	-	-	N	1
GCA_009775125_01644	GH13_8(239-530)	-	-	N	1
GCA_009775125_02404	GH13_14(202-526)	-	-	Y(1-31)	1
GCA_009775135_00450	GH13_38(32-397)	-	-	N	1
GCA_009775135_01149	GH13(2-280)	-	-	N	1
GCA_009775135_01547	GH13_14(1-199)	-	-	N	1
GCA_009775145_00148	GH13_38(42-406)	-	-	N	1
GCA_009775145_00234	GH13_14(199-523)	-	-	N	1
GCA_009775145_00739	GH13(55-354)	-	-	Y(1-25)	1
GCA_009775145_00792	GH13_8(223-515)	-	-	N	1
GCA_009775145_00839	GH13_42(72-497)+CBM26(964-1034)	-	-	Y(1-23)	1
GCA_009775145_01463	GH13(417-730)	-	-	Y(1-22)	1
GCA_009775145_01811	GH13_28(38-325)	-	-	Y(1-21)	1
GCA_009775195_00085	GH13_8(222-514)	-	-	N	1
GCA_009775195_00297	GH13_38(32-397)	-	-	N	1
GCA_009775195_01799	GH13_28(41-329)	-	-	Y(1-24)	1
GCA_009775195_01800	GH13_14(201-525)	-	-	Y(1-24)	1
GCA_009775205_00887	GH13_8(221-512)	-	-	N	1
GCA_009775205_01235	GH13_5(42-381)	-	-	N	1
GCA_009775205_01469	GH13_38(40-405)	-	-	N	1
GCA_009775225_00076	GH13_8(222-514)	-	-	N	1
GCA_009775225_00444	GH13_28(43-294)	-	-	Y(1-23)	1
GCA_009775225_00526	GH13_6(63-339)	-	-	Y(1-23)	1
GCA_009775225_00626	GH13_42(70-495)+CBM26(820-893)	-	-	Y(1-29)	1
GCA_009775225_00716	GH13(52-351)	-	-	Y(1-24)	1
GCA_009775225_01287	GH13_42(73-507)	-	-	Y(1-23)	1
GCA_009775225_01288	GH13_14(201-525)	-	-	Y(1-24)	1
GCA_009775225_01885	GH13_38(32-397)	-	-	N	1
GCA_009775225_01982	GH13(416-721)	-	-	Y(1-22)	1
GCA_009775225_02013	GH13_28(41-328)	-	-	Y(1-25)	1
GCA_009775255_01187	GH13(54-345)	-	-	Y(1-22)	1
GCA_009775255_01304	GH13_8(221-512)	-	-	N	1
GCA_009775255_01602	GH13(416-724)	-	-	Y(1-22)	1
GCA_009775255_01836	GH13(59-326)	-	-	N	1
GCA_009775255_01920	GH13(51-423)	-	-	Y(1-24)	1
GCA_009775255_02003	GH13(177-499)	-	-	Y(1-33)	1
GCA_009775255_02096	GH13_28(43-332)	-	-	N	1
GCA_009775255_02226	GH13_14(200-524)	-	-	N	1
GCA_009775255_02392	GH13_38(31-394)	-	-	N	1
GCA_009775265_00450	GH13_28(40-328)	-	-	Y(1-21)	1
GCA_009775265_00518	GH13_38(33-397)	-	-	N	1
GCA_009775265_00953	GH13_8(255-546)	-	-	N	1
GCA_009775265_01327	GH13(406-708)	-	-	Y(1-23)	1
GCA_009775265_01942	GH13_14(197-521)	-	-	Y(1-21)	1
GCA_009775275_00029	GH13_8(223-515)	-	-	N	1
GCA_009775275_00091	GH13_38(38-403)	-	-	N	1
GCA_009775275_01342	GH13(49-342)	-	-	Y(1-26)	1
GCA_009775275_01788	GH13_14(201-525)	-	-	Y(1-26)	1
GCA_009775275_01829	GH13_28(40-328)	-	-	Y(1-23)	1
GCA_009775275_02024	GH13(417-724)	-	-	Y(1-22)	1
GCA_009775325_00178	GH13_14(206-530)	-	-	Y(1-28)	1
GCA_009775325_00625	GH13(408-716)	-	-	Y(1-22)	1
GCA_009775325_00861	GH13_28(41-330)	-	-	Y(1-20)	1
GCA_009775325_01301	GH13(62-358)	-	-	Y(1-24)	1
GCA_009775325_01958	GH13_37(47-351)	-	-	N	1
GCA_009775325_02494	GH13_37(59-366)	-	-	Y(1-24)	1
GCA_009775325_02814	GH13_38(34-400)	-	-	N	1
GCA_009775355_00351	GH13(413-720)	-	-	Y(1-22)	1
GCA_009775355_00688	GH13_42(69-513)	-	-	Y(1-20)	1
GCA_009775355_00700	GH13_38(31-396)	-	-	N	1
GCA_009775355_00858	GH13_6(65-341)	-	-	Y(1-27)	1
GCA_009775355_00859	GH13_42(72-495)	-	-	Y(1-23)	1
GCA_009775355_01293	GH13_8(221-512)	-	-	N	1
GCA_009775355_01559	GH13_5(30-368)	-	-	N	1
GCA_009775355_01573	GH13(55-355)	-	-	Y(1-20)	1
GCA_009775355_01870	GH13_28(42-331)	-	-	Y(1-49)	1
GCA_009775355_01974	GH13_19(181-568)+GH13_37(1019-1310)	-	-	N	1
GCA_009775355_02089	GH13_28(43-294)+CBM74(659-953)	-	-	N	1
GCA_009775355_02136	GH13(169-486)	-	-	Y(1-21)	1
GCA_009775355_02141	GH13_14(206-530)	-	-	Y(1-22)	1
GCA_009775365_00834	GH13_37(62-370)	-	-	Y(1-27)	1
GCA_009775365_01372	GH13_38(34-400)	-	-	N	1
GCA_009775365_01592	GH13_37(45-347)	-	-	N	1
GCA_009775365_01620	GH13_8(235-526)	-	-	N	1
GCA_009775365_01656	GH13_14(207-531)	-	-	Y(1-29)	1
GCA_009775365_01972	GH13(406-715)	-	-	Y(1-22)	1
GCA_009775365_02102	GH13_28(41-330)	-	-	Y(1-26)	1
GCA_009775365_02541	GH13(62-358)	-	-	Y(1-27)	1
GCA_009775375_00268	GH13_8(221-512)	-	-	N	1
GCA_009775375_00345	GH13_28(67-356)	-	-	N	1
GCA_009775375_02076	GH13(405-715)	-	-	Y(1-26)	1
GCA_009775375_02130	GH13_14(200-524)	-	-	Y(1-22)	1
GCA_009775375_02334	GH13_37(46-345)	-	-	N	1
GCA_009775375_02787	GH13(165-488)	-	-	Y(1-23)	1
GCA_009775375_02962	GH13_38(34-398)	-	-	N	1
GCA_009775415_01240	GH13_8(224-515)	-	-	N	1
GCA_009775415_01517	GH13_38(32-397)	-	-	N	1
GCA_009775435_00790	GH13_14(197-521)	-	-	Y(1-21)	1
GCA_009775435_01355	GH13_38(1-272)	-	-	N	1
GCA_009775445_01247	GH13_38(1-138)	-	-	N	1
GCA_009775445_01583	GH13_8(235-526)	-	-	N	1
GCA_009775445_01691	GH13_14(197-521)	-	-	N	1
GCA_009775475_00158	GH13_14(198-522)	-	-	Y(1-60)	1
GCA_009775475_00552	GH13_28(41-330)	-	-	Y(1-29)	1
GCA_009775475_01588	GH13_8(220-511)	-	-	N	1
GCA_009775475_02129	GH13_38(31-396)	-	-	N	1
GCA_009775485_01038	GH13_14(198-522)	-	-	Y(1-27)	1
GCA_009775485_01058	GH13_37(62-367)	-	-	Y(1-23)	1
GCA_009775485_01186	GH13_28(41-330)	-	-	Y(1-29)	1
GCA_009775485_01388	GH13(325-642)	-	-	Y(1-23)	1
GCA_009775485_02283	GH13_38(31-396)	-	-	N	1
GCA_009775485_02537	GH13_8(220-511)	-	-	N	1
GCA_009775505_00133	GH13_38(31-396)	-	-	N	1
GCA_009775505_00227	GH13(407-730)	-	-	Y(1-21)	1
GCA_009775505_00458	GH13_28(40-328)	-	-	Y(1-21)	1
GCA_009775505_00498	GH13_28(38-306)	-	-	Y(1-22)	1
GCA_009775505_00500	GH13_19(177-565)+GH13_37(1095-1386)	-	-	Y(1-28)	1
GCA_009775505_00812	GH13_8(219-510)	-	-	N	1
GCA_009775505_00818	GH13(410-729)	-	-	Y(1-23)	1
GCA_009775505_00922	GH13_37(45-348)	-	-	N	1
GCA_009775505_01087	GH13(61-362)	-	-	Y(1-27)	1
GCA_009775505_01194	GH13_42(71-515)	-	-	Y(1-25)	1
GCA_009775505_01195	GH13_42(71-499)	-	-	Y(1-25)	1
GCA_009775505_01196	GH13_42(75-504)	-	-	Y(1-27)	1
GCA_009775505_01316	GH13_14(206-531)	-	-	Y(1-29)	1
GCA_009775505_01322	GH13(55-329)	-	-	Y(1-38)	1
GCA_009775505_01645	GH13_19(68-439)	-	-	Y(1-20)	1
GCA_009775505_01762	GH13_28(116-374)	-	-	N	1
GCA_009775505_01824	GH13(167-486)	-	-	Y(1-22)	1
GCA_009775505_01893	GH13_6(63-235)	-	-	Y(1-24)	1
GCA_009775505_02150	GH13_28(42-291)+CBM74(908-1204)	-	-	Y(1-23)	1
GCA_009775535_01119	GH13_8(219-510)	-	-	N	1
GCA_009775535_01306	GH13_14(214-538)	-	-	N	1
GCA_009775605_00394	GH13_38(1-318)	-	-	N	1
GCA_009775605_02092	GH13_8(227-518)	-	-	N	1
GCA_009856815_00618	GH13_14(195-519)	-	-	Y(1-19)	1
GCA_009856815_00751	GH13_28(42-331)	-	-	Y(1-29)	1
GCA_009856815_00924	GH13_8(220-511)	-	-	N	1
GCA_009856815_01706	GH13_38(32-397)	-	-	N	1
GCA_009856815_02018	GH13(330-653)	-	-	Y(1-27)	1
GCA_009856815_02036	GH13(66-361)	-	-	Y(1-34)	1
GCA_009911555_00859	GH13_38(31-396)	-	-	N	1
GCA_009911555_01222	GH13_14(198-522)	-	-	Y(1-60)	1
GCA_009911555_01649	GH13_28(41-330)	-	-	Y(1-29)	1
GCA_009911555_02046	GH13_8(220-511)	-	-	N	1
GCA_009911605_00616	GH13_38(31-396)	-	-	N	1
GCA_009911605_01110	GH13_14(198-522)	-	-	Y(1-60)	1
GCA_009911605_01773	GH13_28(41-330)	-	-	Y(1-29)	1
GCA_009911605_02194	GH13_8(220-511)	-	-	N	1
GCA_011959405_01219	GH13_38(29-392)	-	-	N	1
GCA_011959405_01894	GH13_8(228-519)	-	-	N	1
GCA_013316545_00240	GH13_8(251-542)	-	-	N	1
GCA_013316545_00533	GH13_38(29-392)	-	-	N	1
GCA_013316595_00416	GH13_8(222-514)	-	-	N	1
GCA_013316595_00783	GH13_28(43-294)	-	-	Y(1-23)	1
GCA_013316595_01025	GH13_28(41-328)	-	-	Y(1-25)	1
GCA_013316595_01056	GH13_38(32-397)	-	-	N	1
GCA_013316595_01160	GH13_42(70-495)+CBM26(820-893)	-	-	Y(1-29)	1
GCA_013316595_01234	GH13_6(63-339)	-	-	Y(1-23)	1
GCA_013316595_01448	GH13(416-721)	-	-	Y(1-22)	1
GCA_013316675_00161	GH13_38(61-422)	-	-	N	1
GCA_013316675_00217	GH13_8(240-531)	-	-	N	1
GCA_013316675_00364	GH13_28(38-325)	-	-	N	1
GCA_013316675_00868	GH13_19(176-564)	-	-	Y(1-29)	1
GCA_013316675_01145	GH13(3-134)	-	-	N	1
GCA_013316705_00227	GH13_5(42-381)	-	-	N	1
GCA_013316705_00785	GH13_8(221-512)	-	-	N	1
GCA_013316715_00035	GH13_28(42-331)	-	-	Y(1-20)	1
GCA_013316715_00474	GH13_8(219-510)	-	-	N	1
GCA_013316715_00569	GH13_42(72-497)	-	-	Y(1-23)	1
GCA_013316715_00702	GH13_38(70-430)	-	-	N	1
GCA_013316715_01049	GH13(167-485)	-	-	Y(1-56)	1
GCA_013316715_01311	GH13(406-716)	-	-	Y(1-35)	1
GCA_013316715_01572	GH13_14(202-526)	-	-	Y(1-20)	1
GCA_013316815_00881	GH13_38(32-397)	-	-	N	1
GCA_013316855_00041	GH13_38(54-415)	-	-	N	1
GCA_013316855_00192	GH13_14(197-521)	-	-	N	1
GCA_013316855_00429	CBM26(126-189)+GH13_37(357-651)	-	-	Y(1-27)	1
GCA_013316855_00486	GH13(327-646)	-	-	Y(1-24)	1
GCA_013316855_00605	GH13_8(157-448)	-	-	N	1
GCA_013316855_00622	GH13(60-359)	-	-	Y(1-25)	1
GCA_013316855_00827	GH13_42(73-500)	-	-	Y(1-27)	1
GCA_013316855_01133	GH13_5(30-368)	-	-	N	1
GCA_013316855_01172	GH13_42(70-514)	-	-	Y(1-20)	1
GCA_013316855_01270	GH13_6(64-336)	-	-	Y(1-24)	1
GCA_013316875_00049	GH13(417-730)	-	-	Y(1-22)	1
GCA_013316875_00090	GH13_42(72-497)+CBM26(964-1034)	-	-	Y(1-23)	1
GCA_013316875_00248	GH13_14(199-523)	-	-	N	1
GCA_013316875_00329	GH13_38(42-406)	-	-	N	1
GCA_013316875_00963	GH13_28(38-325)	-	-	Y(1-21)	1
GCA_013316875_01364	GH13_8(223-515)	-	-	N	1
GCA_013316875_01639	GH13(55-354)	-	-	Y(1-25)	1
GCA_013317025_00017	GH13_8(1-124)	-	-	N	1
GCA_013317025_00214	GH13_38(60-421)	-	-	N	1
GCA_013317025_00533	CBM26(138-200)+GH13_37(369-661)	-	-	Y(1-30)	1
GCA_013317025_00735	GH13_6(62-338)	-	-	Y(1-24)	1
GCA_013317025_00844	GH13(56-359)	-	-	Y(1-23)	1
GCA_013317025_01019	GH13_14(213-537)	-	-	Y(1-27)	1
GCA_013317025_01216	GH13_28(43-294)+CBM74(649-956)	-	-	Y(1-24)	1
GCA_013317025_01332	GH13_42(72-500)	-	-	Y(1-23)	1
GCA_013317025_01441	GH13(168-486)	-	-	Y(1-25)	1
GCA_013317025_01793	GH13_42(69-513)+CBM26(840-909)	-	-	Y(1-23)	1
GCA_902362735_00389	GH13_38(32-397)	-	-	N	1
GCA_902362735_00665	GH13_28(42-331)	-	-	Y(1-56)	1
GCA_902362735_00722	GH13(66-361)	-	-	Y(1-34)	1
GCA_902362735_01280	GH13_14(195-519)	-	-	Y(1-19)	1
GCA_902362735_01966	GH13(330-653)	-	-	Y(1-27)	1
GCA_902362735_02127	GH13_8(220-511)	-	-	N	1
GCA_902383915_00187	GH13_28(33-282)+CBM74(898-1194)	-	-	N	1
GCA_902383915_00351	GH13(61-362)	-	-	Y(1-27)	1
GCA_902383915_00505	GH13_6(63-340)	-	-	Y(1-24)	1
GCA_902383915_00513	GH13(167-486)	-	-	Y(1-22)	1
GCA_902383915_00541	GH13_28(88-346)	-	-	N	1
GCA_902383915_00951	GH13_14(238-563)	-	-	N	1
GCA_902383915_00958	GH13(39-313)	-	-	N	1
GCA_902383915_01044	GH13_37(45-348)	-	-	N	1
GCA_902383915_01335	GH13(407-731)	-	-	Y(1-21)	1
GCA_902383915_01365	GH13_38(31-396)	-	-	N	1
GCA_902383915_01421	GH13_42(70-495)+CBM26(717-791)	-	-	Y(1-23)	1
GCA_902383915_01430	GH13_19(68-439)	-	-	Y(1-20)	1
GCA_902383915_01523	GH13_19(177-565)+CBM26(973-1040)+GH13_37(1203-1494)	-	-	Y(1-28)	1
GCA_902383915_01858	GH13_42(71-515)	-	-	Y(1-25)	1
GCA_902383915_01859	GH13_42(71-499)	-	-	Y(1-25)	1
GCA_902383915_01860	GH13_42(75-504)	-	-	Y(1-27)	1
GCA_902383915_01912	GH13_28(40-328)	-	-	Y(1-21)	1
GCA_902383915_02046	GH13(410-729)	-	-	Y(1-23)	1
GCA_902383915_02053	GH13_8(219-510)	-	-	N	1
GCA_902388335_00276	GH13_14(202-525)	-	-	Y(1-20)	1
GCA_902388335_00336	GH13_28(77-359)	-	-	N	1
GCA_902388335_00505	GH13(164-504)	-	-	Y(1-22)	1
GCA_902388335_00927	GH13_38(31-396)	-	-	N	1
GCA_902388335_01347	GH13_6(68-345)	-	-	Y(1-27)	1
GCA_902388335_01675	CBM48(52-134)+GH13_8(219-510)	-	-	N	1
GCA_902388335_01936	GH13_42(59-488)	-	-	N	1
GCA_902406015_00297	GH13(410-729)	-	-	Y(1-21)	1
GCA_902406015_00370	GH13_14(204-528)	-	-	Y(1-28)	1
GCA_902406015_00374	GH13_38(31-396)	-	-	N	1
GCA_902406015_00409	GH13(412-714)	-	-	Y(1-25)	1
GCA_902406015_00675	GH13_42(69-494)	-	-	Y(1-23)	1
GCA_902406015_00878	GH13_28(41-329)	-	-	Y(1-32)	1
GCA_902406015_00936	GH13_42(71-500)	-	-	Y(1-24)	1
GCA_902406015_01201	GH13_28(44-296)	-	-	Y(1-24)	1
GCA_902406015_01444	GH13_8(240-531)	-	-	N	1
GCA_902406015_01498	GH13(168-486)	-	-	Y(1-27)	1
GCA_902406015_01547	GH13_19(53-424)	-	-	N	1
GCA_902406015_01601	GH13_28(34-285)+CBM26(556-632)	-	-	N	1
GCA_902406015_01764	GH13(63-356)	-	-	Y(1-29)	1
GCA_902406015_01842	GH13_6(64-340)	-	-	Y(1-24)	1
GP1_00095	GH13_10(414-564)	-	-	Y(1-22)	1
GP1_00657	GH13(53-343)	-	-	Y(1-20)	1
GP1_01247	GH13(170-488)	-	-	Y(1-59)	1
GP1_01319	GH13_8(221-512)	-	-	N	1
GP1_01465	GH13_14(200-524)	-	-	Y(1-20)	1
GP1_01676	GH13_38(31-394)	-	-	N	1
GP1_01749	GH13_28(42-331)	-	-	Y(1-21)	1
GP2_01158	GH13_38(31-395)	-	-	N	1
GP2_01879	GH13_8(223-514)	-	-	N	1
GP3_00334	GH13(70-358)	-	-	Y(1-28)	1
GP3_00420	GH13(403-713)	-	-	Y(1-26)	1
GP3_00609	GH13_8(224-515)	-	-	N	1
GP3_00930	GH13_28(45-334)	-	-	Y(1-23)	1
GP3_01850	GH13(151-474)	-	-	N	1
GP3_01897	GH13_38(30-396)	-	-	N	1
GP4_00259	GH13_37(45-348)	-	-	N	1
GP4_00279	GH13_14(203-527)	-	-	Y(1-27)	1
GP4_01253	GH13(66-360)	-	-	Y(1-31)	1
GP4_02125	GH13_28(1-215)	-	-	N	1
GP4_02155	GH13(169-487)	-	-	Y(1-21)	1
GP4_02269	GH13(406-727)	-	-	Y(1-26)	1
H10_00214	GH13_6(1-237)	-	-	N	1
H10_00216	GH13_42(32-464)	-	-	N	1
H10_00249	GH13_42(69-512)	-	-	Y(1-20)	1
H10_00265	GH13_38(31-396)	-	-	N	1
H10_00290	GH13_28(36-221)	-	-	N	1
H10_00380	GH13(169-486)	-	-	Y(1-57)	1
H10_00386	GH13_14(206-530)	-	-	Y(1-26)	1
H10_00431	GH13_19(71-438)	-	-	Y(1-19)	1
H10_01205	GH13_5(30-368)	-	-	N	1
H10_01264	GH13(58-358)	-	-	Y(1-23)	1
H10_01600	GH13_8(221-512)	-	-	N	1
H10_01719	GH13_37(548-839)	-	-	N	1
H10_01720	GH13_19(180-380)	-	-	Y(1-28)	1
H10_01945	GH13(1-242)	-	-	N	1
H10_02138	GH13(59-340)	-	-	Y(1-30)	1
H10_02275	GH13_28(70-359)	-	-	N	1
H10_02342	GH13(51-326)	-	-	Y(1-21)	1
H10_02511	GH13(45-328)	-	-	Y(1-22)	1
H1_00006	GH13_42(71-515)	-	-	Y(1-25)	1
H1_00007	GH13_42(74-507)	-	-	Y(1-26)	1
H1_00049	GH13_19(66-438)	-	-	Y(1-21)	1
H1_00375	CBM26(64-132)+GH13_37(292-584)	-	-	N	1
H1_00376	GH13_19(177-565)	-	-	Y(1-28)	1
H1_00918	GH13_28(43-302)+CBM74(753-1050)	-	-	Y(1-24)	1
H1_01259	GH13_28(47-296)	-	-	Y(1-28)	1
H1_01291	GH13(169-488)	-	-	Y(1-24)	1
H1_01308	GH13(65-362)	-	-	Y(1-29)	1
H1_01495	GH13_28(40-328)	-	-	Y(1-31)	1
H1_01621	GH13_38(31-396)	-	-	N	1
H1_02033	GH13_14(206-531)	-	-	Y(1-29)	1
H1_02039	GH13(54-329)	-	-	Y(1-22)	1
H1_02071	GH13(409-722)	-	-	Y(1-21)	1
H2_00032	GH13_19(70-441)	-	-	Y(1-22)	1
H2_00143	GH13(63-359)	-	-	Y(1-30)	1
H2_00353	GH13_10(399-629)	-	-	Y(1-22)	1
H2_00553	GH13(168-486)	-	-	Y(1-19)	1
H2_00809	GH13_8(221-504)	-	-	N	1
H2_00949	GH13_38(29-393)	-	-	N	1
H2_01542	GH13_28(38-326)	-	-	Y(1-28)	1
H2_01724	GH13_14(202-528)	-	-	Y(1-25)	1
H2_01740	GH13_6(62-339)	-	-	Y(1-23)	1
H3_00065	GH13_42(54-498)+CBM26(822-893)	-	-	N	1
H3_00332	GH13_28(43-332)	-	-	Y(1-22)	1
H3_00336	GH13(402-714)	-	-	Y(1-22)	1
H3_00382	GH13_28(40-290)+CBM74(653-948)	-	-	Y(1-22)	1
H3_00841	GH13(164-482)	-	-	N	1
H3_00873	GH13_38(88-448)	-	-	N	1
H3_01424	GH13_19(8-226)	-	-	N	1
H3_01553	GH13_8(220-511)	-	-	N	1
H3_01652	GH13_42(72-497)	-	-	Y(1-23)	1
H3_01680	GH13_19(176-564)+CBM26(978-1042)	-	-	Y(1-27)	1
H3_01919	GH13_14(210-534)	-	-	Y(1-23)	1
H4_00063	GH13(50-347)	-	-	Y(1-24)	1
H4_00128	GH13_14(192-516)	-	-	N	1
H4_00472	GH13_37(70-375)	-	-	Y(1-25)	1
H4_00857	GH13(410-717)	-	-	Y(1-23)	1
H4_01403	GH13_8(263-554)	-	-	N	1
H4_01837	GH13_28(45-333)	-	-	Y(1-25)	1
H4_01849	GH13_38(39-407)	-	-	N	1
H5_00398	GH13_14(195-519)	-	-	Y(1-19)	1
H5_00460	GH13_19(71-442)	-	-	Y(1-20)	1
H5_00640	GH13(325-642)	-	-	Y(1-20)	1
H5_01750	GH13_38(31-397)	-	-	N	1
H6_01527	GH13_38(31-400)	-	-	N	1
H6_02173	GH13_8(135-426)	-	-	N	1
H7_00130	GH13(404-724)	-	-	Y(1-21)	1
H7_00435	GH13(166-487)	-	-	Y(1-20)	1
H7_00530	GH13_42(69-494)+CBM26(814-886)	-	-	N	1
H7_00814	GH13_38(32-396)	-	-	N	1
H7_01185	GH13(48-352)	-	-	Y(1-29)	1
H7_01190	GH13(48-323)	-	-	Y(1-31)	1
H7_01821	GH13(59-353)	-	-	Y(1-22)	1
H7_02120	GH13_14(204-528)	-	-	Y(1-28)	1
H7_02143	GH13_8(218-509)	-	-	N	1
H7_02286	GH13_28(43-294)	-	-	Y(1-21)	1
H7_02453	GH13_28(44-333)	-	-	Y(1-27)	1
H8_00044	GH13_6(68-345)	-	-	Y(1-27)	1
H8_00247	GH13(128-468)	-	-	N	1
H8_00283	CBM48(52-134)+GH13_8(219-510)	-	-	N	1
H8_00836	GH13_38(31-396)	-	-	N	1
H8_00983	GH13_28(77-359)	-	-	N	1
H8_01568	GH13_14(202-525)	-	-	Y(1-20)	1
H9_00019	GH13_6(59-336)	-	-	Y(1-18)	1
H9_00408	GH13(164-504)	-	-	Y(1-22)	1
H9_00918	GH13_42(74-503)	-	-	Y(1-25)	1
H9_01327	GH13_28(77-359)	-	-	N	1
H9_01392	GH13_14(202-525)	-	-	Y(1-20)	1
H9_01564	CBM48(52-134)+GH13_8(219-510)	-	-	N	1
Homeothermus_arabinoxylanisolvens_01132	GH13(63-358)	-	-	Y(1-20)	1
Homeothermus_arabinoxylanisolvens_01134	GH13_37(45-348)	-	-	N	1
Homeothermus_arabinoxylanisolvens_01175	GH13_38(22-386)	-	-	N	1
Homeothermus_arabinoxylanisolvens_01304	GH13_8(218-509)	-	-	N	1
Homeothermus_arabinoxylanisolvens_01509	GH13_28(43-332)	-	-	Y(1-29)	1
Homeothermus_arabinoxylanisolvens_01740	GH13(396-715)	-	-	Y(1-57)	1
Homeothermus_arabinoxylanisolvens_02023	GH13_14(199-523)	-	-	Y(1-28)	1
K10_00306	GH13_28(43-292)+CBM74(789-1086)	-	-	Y(1-24)	1
K10_00517	GH13_42(71-515)	-	-	Y(1-25)	1
K10_00518	GH13_42(74-507)	-	-	Y(1-26)	1
K10_00553	GH13_28(40-328)	-	-	Y(1-31)	1
K10_00941	GH13(65-362)	-	-	Y(1-29)	1
K10_00961	GH13_19(177-565)+CBM26(971-1039)+GH13_37(1199-1491)	-	-	Y(1-28)	1
K10_01213	GH13_38(31-396)	-	-	N	1
K10_01366	GH13(409-721)	-	-	Y(1-21)	1
K10_01617	GH13_8(219-510)	-	-	N	1
K10_01631	GH13_19(66-438)	-	-	Y(1-21)	1
K10_01699	GH13(169-488)	-	-	Y(1-24)	1
K10_01735	GH13_28(47-296)	-	-	Y(1-28)	1
K10_02204	GH13_14(206-531)	-	-	Y(1-29)	1
K10_02210	GH13(54-329)	-	-	Y(1-22)	1
K1_00275	GH13(175-492)	-	-	Y(1-31)	1
K1_01059	GH13_14(201-525)	-	-	Y(1-25)	1
K1_01119	GH13_19(69-441)	-	-	N	1
K1_01219	GH13_37(69-373)	-	-	N	1
K1_01630	GH13_28(41-331)	-	-	Y(1-24)	1
K1_01922	GH13_8(253-544)	-	-	N	1
K1_02628	GH13(410-717)	-	-	Y(1-21)	1
K1_02679	GH13(57-357)	-	-	Y(1-31)	1
K1_03197	GH13_38(3-368)	-	-	N	1
M10_00149	GH13_38(60-421)	-	-	N	1
M10_00321	GH13_42(69-513)+CBM26(840-909)	-	-	Y(1-23)	1
M10_00393	GH13_19(176-564)	-	-	Y(1-29)	1
M10_00696	GH13_14(213-537)	-	-	Y(1-27)	1
M10_00840	GH13(405-710)	-	-	Y(1-22)	1
M10_00843	GH13_28(43-332)	-	-	Y(1-22)	1
M10_00897	CBM26(138-200)+GH13_37(369-661)	-	-	Y(1-30)	1
M10_01354	GH13_42(72-500)	-	-	Y(1-23)	1
M10_01375	GH13(56-359)	-	-	Y(1-23)	1
M10_01420	GH13(168-486)	-	-	Y(1-25)	1
M11_00120	GH13(49-339)	-	-	Y(1-20)	1
M11_00481	GH13_6(60-339)	-	-	Y(1-23)	1
M11_00501	GH13_38(33-397)	-	-	N	1
M11_00759	GH13(54-341)	-	-	Y(1-23)	1
M11_01496	GH13_28(41-330)	-	-	Y(1-22)	1
M11_01721	GH13(167-487)	-	-	Y(1-19)	1
M11_02117	GH13_8(239-530)	-	-	N	1
M11_02263	GH13_14(202-526)	-	-	Y(1-31)	1
M12_00077	GH13(326-650)	-	-	Y(1-22)	1
M12_00161	GH13_38(31-397)	-	-	N	1
M12_00528	GH13_8(219-510)	-	-	N	1
M12_00557	GH13_28(41-330)	-	-	Y(1-29)	1
M12_00590	GH13_14(197-521)	-	-	Y(1-21)	1
M12_01273	GH13_6(62-338)	-	-	Y(1-24)	1
M13_00074	GH13_28(41-330)	-	-	Y(1-29)	1
M13_00961	GH13_38(31-396)	-	-	N	1
M13_01230	GH13_8(234-525)	-	-	N	1
M13_01686	GH13_14(198-522)	-	-	Y(1-60)	1
M14_01382	GH13_38(29-392)	-	-	N	1
M14_01429	GH13_8(228-519)	-	-	N	1
M1_00006	GH13(325-642)	-	-	Y(1-23)	1
M1_00065	GH13_37(62-367)	-	-	Y(1-23)	1
M1_00085	GH13_14(198-522)	-	-	Y(1-27)	1
M1_00602	GH13_38(31-396)	-	-	N	1
M1_01724	GH13_28(41-330)	-	-	Y(1-29)	1
M1_02555	GH13_8(220-511)	-	-	N	1
M2_00109	GH13(416-723)	-	-	Y(1-22)	1
M2_01574	GH13_8(221-513)	-	-	N	1
M2_01907	GH13_14(65-389)	-	-	N	1
M2_01908	GH13_28(41-329)	-	-	Y(1-24)	1
M2_02083	GH13_38(32-397)	-	-	N	1
M3_00001	GH13_42(60-489)+CBM26(1067-1138)	-	-	N	1
M3_00659	GH13_19(60-431)	-	-	N	1
M3_00817	GH13(172-457)	-	-	Y(1-17)	1
M3_01004	GH13_14(206-530)	-	-	Y(1-30)	1
M3_01173	GH13_28(42-291)+CBM74(909-1207)	-	-	Y(1-22)	1
M3_01178	GH13(161-483)	-	-	Y(1-21)	1
M3_01229	GH13_42(54-498)+CBM26(822-894)	-	-	N	1
M3_01240	GH13_37(45-348)	-	-	N	1
M3_01259	GH13(59-336)	-	-	Y(1-25)	1
M3_01410	GH13_6(55-331)	-	-	Y(1-21)	1
M3_01419	GH13(65-360)	-	-	Y(1-20)	1
M3_01499	GH13_8(218-509)	-	-	N	1
M3_01580	GH13_28(44-332)	-	-	Y(1-29)	1
M3_01854	GH13(411-715)	-	-	Y(1-23)	1
M3_01899	GH13_38(32-396)	-	-	N	1
M5_01554	GH13_38(31-400)	-	-	N	1
M5_01649	GH13_8(227-518)	-	-	N	1
M6_00294	GH13(406-716)	-	-	Y(1-35)	1
M6_00351	GH13_28(42-331)	-	-	Y(1-20)	1
M6_00719	GH13_42(72-497)	-	-	Y(1-23)	1
M6_00762	GH13_38(70-430)	-	-	N	1
M6_01005	GH13(167-485)	-	-	Y(1-56)	1
M6_01277	GH13_14(202-526)	-	-	Y(1-20)	1
M6_01348	GH13_28(43-294)+CBM74(649-956)	-	-	Y(1-24)	1
M6_01630	GH13_8(219-510)	-	-	N	1
M7_00079	GH13(61-362)	-	-	Y(1-27)	1
M7_00100	GH13_8(219-510)	-	-	N	1
M7_00106	GH13(410-729)	-	-	Y(1-23)	1
M7_00221	GH13_28(40-328)	-	-	Y(1-21)	1
M7_00253	GH13_42(75-504)	-	-	Y(1-27)	1
M7_00254	GH13_42(71-499)	-	-	Y(1-25)	1
M7_00255	GH13_42(60-504)	-	-	N	1
M7_00290	GH13_14(206-531)	-	-	Y(1-29)	1
M7_00812	GH13_19(68-439)	-	-	Y(1-20)	1
M7_00887	GH13_6(63-340)	-	-	Y(1-24)	1
M7_00896	GH13(167-486)	-	-	Y(1-22)	1
M7_01316	GH13_28(48-306)	-	-	Y(1-23)	1
M7_01354	GH13_28(38-306)	-	-	Y(1-22)	1
M7_01931	GH13_28(42-291)+CBM74(908-1204)	-	-	Y(1-23)	1
M7_02101	GH13(407-730)	-	-	Y(1-21)	1
M7_02165	GH13_37(45-348)	-	-	N	1
M7_02369	GH13_38(31-396)	-	-	N	1
M8_00246	GH13_38(31-397)	-	-	N	1
M8_00532	GH13_8(220-511)	-	-	N	1
M8_00661	GH13_14(195-519)	-	-	Y(1-19)	1
M8_01765	GH13_5(30-369)	-	-	N	1
M8_01817	GH13_28(41-330)	-	-	Y(1-29)	1
M8_02756	GH13(325-642)	-	-	Y(1-21)	1
M9_00073	GH13_38(31-395)	-	-	N	1
M9_01189	CBM48(55-140)+GH13_8(224-515)	-	-	N	1
Muribaculum_intestinale_DSM_28989T_00704	GH13_38(32-397)	-	-	N	1
Muribaculum_intestinale_DSM_28989T_01101	GH13(330-653)	-	-	Y(1-27)	1
Muribaculum_intestinale_DSM_28989T_01119	GH13(66-361)	-	-	Y(1-34)	1
Muribaculum_intestinale_DSM_28989T_01675	GH13_8(220-511)	-	-	N	1
Muribaculum_intestinale_DSM_28989T_01842	GH13_14(195-519)	-	-	Y(1-19)	1
Muribaculum_intestinale_DSM_28989T_02662	GH13_28(42-331)	-	-	Y(1-56)	1
Paramuribaculum_intestinale_DSM_100749T_00309	GH13_8(120-411)	-	-	N	1
Paramuribaculum_intestinale_DSM_100749T_02060	GH13_38(32-397)	-	-	N	1
Porphyromonas_gingivalis_ATCC_33277_00990	GH13_38(33-398)	-	-	N	1
Porphyromonas_gingivalis_ATCC_33277_01664	GH13_8(217-508)	-	-	N	1
Unclassified_Muribaculaceae_DSM_108610_00981	GH13_6(58-339)	-	-	Y(1-20)	1
Unclassified_Muribaculaceae_DSM_108610_01004	GH13_14(178-498)	-	-	N	1
Unclassified_Muribaculaceae_DSM_108610_01005	GH13(154-479)	-	-	N	1
Unclassified_Muribaculaceae_DSM_108610_01063	GH13_8(219-510)	-	-	N	1
Unclassified_Muribaculaceae_DSM_108610_01974	GH13_36(52-411)	-	-	Y(1-23)	1
Unclassified_Muribaculaceae_DSM_108610_02517	GH13(44-331)	-	-	Y(1-25)	1
